﻿word,frequency
the,50033612
be,32394756
and,24778098
a,24225478
of,23159162
to,26002727
in,15670692
i,14217601
you,12079413
it,11042044
have,10514314
that,8319512
for,8194970
do,8186412
he,6467470
with,6442861
on,6080156
this,5541440
n't,5285354
we,5180711
that,5002963
not,4655980
but,4523086
they,4503650
say,4096416
at,4024079
what,3807502
his,3718978
from,3711425
go,3546732
or,3420339
by,3372222
get,3347615
she,3188078
my,3106939
can,3091046
as,2946119
know,2761628
if,2709809
me,2638743
your,2577505
all,2503556
who,2493429
about,2427703
their,2417058
will,2372215
so,2369749
would,2349400
make,2290830
just,2270900
up,2108756
think,2077762
time,2018725
there,1980173
see,1958700
her,1931189
as,1880190
out,1828593
one,1816593
come,1802158
people,1800205
take,1768822
year,1729962
him,1717209
them,1701589
some,1684262
want,1671524
how,1666469
when,1650353
which,1613281
now,1601991
like,1583444
other,1539952
could,1529795
our,1467955
into,1461573
here,1413594
then,1344434
than,1342798
look,1338475
way,1260011
more,1248955
these,1223310
no,1206112
thing,1202004
well,1189096
because,1167024
also,1142799
two,1139973
use,1126042
tell,1119692
good,1111721
first,1101803
man,1091176
day,1068902
find,1051936
give,1048189
more,1037966
new,1017175
one,999446
us,992207
any,981535
those,964458
very,963552
her,959780
need,945498
back,938649
there,932354
should,920908
even,920346
only,905093
many,903833
really,895900
work,854095
life,852257
why,832911
right,830729
down,820294
on,818739
try,795248
let,780929
something,779903
too,771375
call,768117
woman,759817
may,757742
still,757548
through,752325
mean,748840
after,745154
never,744608
no,743203
world,732511
in,726590
feel,722826
yeah,703928
great,696589
last,692989
child,685426
oh,685234
over,679617
ask,676596
when,669530
as,662376
school,660191
state,638012
much,636642
talk,635614
out,634959
keep,626487
leave,622651
put,616952
like,614691
help,606887
big,600364
where,597351
same,592441
all,591610
own,579172
while,579023
start,578246
three,570885
high,567720
every,567233
another,565094
become,561963
most,561354
between,558517
happen,552797
family,544520
over,538724
president,538319
old,537424
yes,537066
house,537037
show,536889
again,530706
student,530196
so,523232
seem,522940
might,521992
part,517693
hear,516483
its,511922
place,508803
problem,504175
where,500755
believe,500511
country,499369
always,492943
week,484834
point,484094
hand,481332
off,479459
play,478740
turn,477668
few,472804
group,470971
such,468655
against,467705
run,465066
guy,464082
about,462995
case,458383
question,457301
work,456169
night,452094
live,450380
game,445149
number,444412
write,439865
bring,439445
without,438567
money,437583
lot,437545
most,435849
book,435387
system,435303
government,434971
next,433864
city,433843
company,432469
story,432184
today,431562
job,430995
move,430324
must,427796
bad,426558
friend,423755
during,423624
begin,421878
love,417532
each,414659
hold,413837
different,413578
american,410698
little,404660
before,402959
ever,402590
word,402216
fact,399574
right,389906
read,386137
anything,384508
nothing,383744
sure,383701
small,382563
month,381833
program,375708
maybe,374325
right,373934
under,373903
business,373744
home,370758
kind,367584
stop,366567
pay,365255
study,364915
since,363805
issue,362137
name,361916
idea,358006
room,357682
percent,357515
far,357192
away,355515
law,354958
actually,353857
large,353703
though,352608
provide,351941
lose,351650
power,351483
kid,351451
war,350575
understand,349141
head,348664
mother,348470
real,348239
best,348202
team,348063
eye,347153
long,345462
long,345005
side,342841
water,342574
young,341002
wait,339926
okay,339699
both,338454
yet,338408
after,334050
meet,333954
service,332313
area,331866
important,331646
person,330987
hey,330236
thank,330129
much,329230
someone,328998
end,328699
change,327637
however,326015
only,325917
around,324064
hour,323999
everything,323760
national,321960
four,319834
line,319492
girl,319120
around,318942
watch,318772
until,318392
father,318173
sit,315022
create,314631
information,314341
car,313437
learn,312649
least,311569
already,311502
kill,307305
minute,306541
party,304325
include,304197
stand,303462
together,302942
back,302390
follow,300266
health,300262
remember,298221
often,295709
reason,295577
speak,295523
ago,294921
set,293144
black,293101
member,292596
community,290489
once,290446
social,290372
news,289175
allow,288559
win,288308
body,287817
lead,285740
continue,282352
whether,280973
enough,280789
spend,280371
level,279770
able,279559
political,279410
almost,279393
boy,279283
university,279132
before,276286
stay,275504
add,275233
later,274178
change,274132
five,270274
probably,269732
center,268821
among,267798
face,266458
public,265061
die,264537
food,262697
else,261804
history,261045
buy,260201
result,259961
morning,259129
off,258852
parent,258181
office,258157
course,257245
send,256309
research,255123
walk,253671
door,252623
white,251664
several,251543
court,250891
home,250331
grow,248803
better,247453
open,247043
moment,246362
including,245445
consider,244644
both,244397
such,244165
little,244049
within,243714
second,243485
late,242755
street,242552
free,242338
better,241827
everyone,241313
policy,240181
table,238887
sorry,237541
care,237259
low,237027
human,236187
please,236175
hope,235945
TRUE,235467
process,235304
teacher,234642
data,234516
offer,234189
death,233153
whole,233110
experience,232376
plan,231629
easy,231262
education,231036
build,230071
expect,229855
fall,229161
himself,228757
age,228610
hard,228234
sense,226539
across,226402
show,225884
early,224665
college,224634
music,222767
appear,221287
mind,220441
class,219160
police,219041
use,218006
effect,217999
season,217695
tax,217131
heart,216345
son,216216
art,215981
possible,213803
serve,213511
break,213364
although,212390
end,212174
market,210848
even,210702
air,210307
force,210010
require,209616
foot,209334
up,209243
listen,208819
agree,208506
according,208405
anyone,207907
baby,207577
wrong,206856
love,206700
cut,205886
decide,205447
republican,204793
full,204252
behind,203530
pass,203033
interest,202642
sometimes,201833
security,201542
eat,201315
report,201020
control,200879
rate,200828
local,200668
suggest,200560
report,200188
nation,200021
sell,198982
action,198530
support,198185
wife,197306
decision,196426
receive,196239
value,195639
base,195474
pick,195443
phone,194941
thanks,194839
event,194748
drive,194360
strong,193876
reach,193684
remain,193577
explain,193276
site,193251
hit,192969
pull,192457
church,191872
model,191448
perhaps,191398
relationship,191344
six,191200
fine,190779
movie,190773
field,190489
raise,190353
less,190003
player,189280
couple,189272
million,188521
themselves,188414
record,187057
especially,186130
difference,185310
light,185287
development,185238
federal,185144
former,185057
role,184483
pretty,183711
myself,183232
view,182417
price,181918
effort,181751
nice,181568
quite,181432
along,181372
voice,181328
finally,181233
department,181181
either,181133
toward,180784
leader,180573
because,178859
photo,177976
wear,177786
space,177126
project,177076
return,176787
position,176578
special,176515
million,175586
film,175442
need,175440
major,175432
type,173975
town,173905
article,173819
road,173413
form,173161
chance,172820
drug,172756
economic,172153
situation,171026
choose,170716
practice,170654
cause,170629
happy,170573
science,170488
join,170302
teach,169673
early,169653
develop,168894
share,168892
yourself,168841
carry,168820
clear,168587
brother,167417
matter,167351
dead,167302
image,167053
star,167036
cost,166775
simply,166556
post,166265
society,165769
picture,165703
piece,165538
paper,165070
energy,164622
personal,164270
building,164119
military,163555
open,163231
doctor,163129
activity,162943
exactly,162663
american,162614
media,162177
miss,162066
evidence,162050
product,161999
realize,161762
save,161469
arm,161185
technology,160819
catch,160594
comment,160451
look,160145
term,160014
color,160011
cover,159606
describe,159521
guess,159454
choice,159277
source,158588
mom,158511
soon,158194
director,158028
international,157724
rule,157468
campaign,157373
ground,156706
election,156532
face,156455
uh,156333
check,155591
page,154863
fight,154643
itself,154505
test,154189
patient,154125
produce,154082
certain,154059
whatever,153872
half,153688
video,153563
support,152769
throw,152388
third,152339
care,152255
rest,151864
recent,151697
available,151406
step,151394
ready,151349
opportunity,151226
official,150423
oil,150410
call,149896
organization,149261
character,148825
single,148796
current,148387
likely,148216
county,148165
future,147923
dad,147520
whose,147491
less,147290
shoot,147137
industry,146746
second,146634
list,146495
general,146275
stuff,145992
figure,145812
attention,145669
forget,145557
risk,145334
no,144919
focus,144896
short,144842
fire,144750
dog,144648
red,144046
hair,143875
point,143750
condition,143732
wall,143389
daughter,142747
before,142673
deal,142589
author,142352
truth,142017
upon,141420
husband,141289
period,141173
series,140231
order,140025
officer,139938
close,139704
land,139579
note,139111
computer,139082
thought,139016
economy,138752
goal,138693
bank,138673
behavior,138400
sound,138386
deal,138197
certainly,138162
nearly,138034
increase,137709
act,137668
north,137666
well,137599
blood,137579
culture,137140
medical,136850
ok,136788
everybody,136787
top,136658
difficult,136474
close,136431
language,136124
window,136043
response,135942
population,135733
lie,135712
tree,135666
park,135440
worker,135244
draw,135022
plan,135011
drop,134220
push,134206
earth,134202
cause,133998
per,133974
private,133907
tonight,133341
race,133182
than,133168
letter,132828
other,132728
gun,132572
simple,132004
course,131911
wonder,131649
involve,131275
hell,131265
poor,131105
each,130754
answer,130534
nature,130378
administration,130297
common,130294
no,130206
hard,129919
message,129799
song,129648
enjoy,129575
similar,129272
congress,128923
attack,128893
past,128832
hot,128310
seek,128234
amount,128075
analysis,128029
store,127984
defense,127924
bill,127919
like,127828
cell,127818
away,127427
performance,127318
hospital,127317
bed,127232
board,127202
protect,126672
century,126668
summer,126418
material,126254
individual,125578
recently,125532
example,125442
represent,125330
fill,125249
state,125064
place,124900
animal,124835
fail,124675
factor,123915
natural,123788
sir,123629
agency,123524
usually,123303
significant,123040
help,123017
ability,122943
mile,122899
statement,122852
entire,122397
democrat,122325
floor,122291
serious,122251
career,122177
dollar,121984
vote,121578
sex,121352
compare,120978
south,120894
forward,120845
subject,120773
financial,120726
identify,120690
beautiful,120679
decade,120539
bit,120467
reduce,120399
sister,120346
quality,120236
quickly,120136
act,119650
press,119485
worry,119256
accept,119245
enter,119119
mention,119033
sound,119028
thus,118653
plant,118323
movement,118118
scene,118003
section,117170
treatment,116893
wish,116884
benefit,116806
interesting,116773
west,116683
candidate,116347
approach,116173
determine,116138
resource,116078
claim,116020
answer,115956
prove,115910
sort,115486
enough,115462
size,115388
somebody,115363
knowledge,115356
rather,115104
hang,114959
sport,114894
tv,114859
loss,114630
argue,114425
left,114320
note,114251
meeting,114209
skill,113912
card,113472
feeling,113414
despite,113257
degree,113046
crime,112978
that,112903
sign,112603
occur,112575
imagine,112572
vote,112405
near,112214
king,112088
box,112035
present,111731
figure,111647
seven,111646
foreign,111509
laugh,111440
disease,111433
lady,111384
beyond,111221
discuss,111181
finish,111094
design,111026
concern,110976
ball,110770
east,110589
recognize,110405
apply,110328
prepare,110266
network,110210
huge,110088
success,110030
district,109941
cup,109915
name,109851
physical,109576
growth,109567
rise,109035
hi,108665
standard,107818
force,107636
sign,107633
fan,107631
theory,107486
staff,107396
hurt,107262
legal,107134
september,106932
set,106920
outside,106572
et,106546
strategy,106236
clearly,105965
property,105851
lay,105812
final,105688
authority,105586
perfect,105560
method,105544
region,105382
since,105367
impact,105330
indicate,105304
safe,105273
committee,105133
supposed,105037
dream,104797
training,104563
shit,104498
central,104403
option,104245
eight,104060
particularly,104018
completely,103941
opinion,103920
main,103803
ten,103677
interview,103566
exist,103550
remove,103480
dark,103384
play,103352
union,102805
professor,102741
pressure,102669
purpose,102642
stage,102611
blue,102172
herself,102154
sun,102043
pain,101918
artist,101861
employee,101818
avoid,101794
account,101683
release,101668
fund,101503
environment,101479
treat,101438
specific,101222
version,101091
shot,101016
hate,100757
reality,100700
visit,100463
club,100411
justice,100360
river,100270
brain,100235
memory,100235
rock,100028
talk,99986
camera,99855
global,99848
various,99838
arrive,99819
notice,99709
bit,99520
detail,99477
challenge,99455
argument,99403
lot,99278
nobody,99029
weapon,98828
best,98807
station,98720
island,98596
absolutely,98574
instead,98540
discussion,98359
instead,98231
affect,98073
design,97967
little,97858
anyway,97831
respond,97750
control,97504
trouble,97439
conversation,97193
manage,97135
close,97117
date,97094
public,97031
army,97025
top,96997
post,96926
charge,96872
seat,96853
assume,96840
writer,96279
perform,96202
credit,95981
green,95937
marriage,95885
operation,95878
indeed,95860
sleep,95600
necessary,95580
reveal,95401
agent,95371
access,95371
bar,95305
debate,95244
leg,95185
contain,95143
beat,94941
cool,94920
democratic,94862
cold,94856
glass,94803
improve,94764
adult,94547
trade,94509
religious,94485
head,94408
review,94364
kind,94334
address,94155
association,94100
measure,93952
stock,93809
gas,93763
deep,93753
lawyer,93526
production,93507
relate,93433
middle,93428
management,93289
original,93230
victim,93207
cancer,93157
speech,92837
particular,92775
trial,92762
none,92729
item,92545
weight,92516
tomorrow,92490
step,92268
positive,92223
form,92198
citizen,92182
study,92101
trip,91830
establish,91776
executive,91696
politics,91621
stick,91597
customer,91563
manager,91527
rather,91475
publish,91441
popular,91435
sing,91395
ahead,91325
conference,91185
total,91071
discover,90959
fast,90956
base,90915
direction,90826
sunday,90771
maintain,90737
past,90674
majority,90548
peace,90518
dinner,90516
partner,90455
user,90342
above,90318
fly,90236
bag,90234
therefore,89981
rich,89706
individual,89686
tough,89612
owner,89612
shall,89582
inside,89494
voter,89245
tool,89236
june,89233
far,89074
may,88994
mountain,88984
range,88892
coach,88826
fear,88724
friday,88632
attorney,88616
unless,88605
nor,88431
expert,88134
structure,88114
budget,88084
insurance,88036
text,87811
freedom,87806
crazy,87804
reader,87422
style,87244
through,87238
march,87215
machine,87156
november,87108
generation,87071
income,86902
born,86829
admit,86631
hello,86614
onto,86605
sea,86544
okay,86529
mouth,86406
throughout,86381
own,86371
test,86155
web,85868
shake,85841
threat,85754
solution,85661
shut,85625
down,85515
travel,85441
scientist,85428
hide,85395
obviously,85364
refer,85212
alone,85036
drink,84895
investigation,84783
senator,84544
unit,84518
photograph,84476
july,84439
television,84433
key,84228
sexual,84220
radio,84218
prevent,84179
once,84165
modern,83945
senate,83931
violence,83882
touch,83871
feature,83853
audience,83493
evening,83312
whom,83267
front,83180
hall,82960
task,82839
score,82738
skin,82598
suffer,82579
wide,82565
spring,82557
experience,82550
civil,82544
safety,82535
weekend,82429
while,82196
worth,82178
title,82165
heat,82112
normal,82076
hope,81896
yard,81852
finger,81817
tend,81665
mission,81524
eventually,81481
participant,81371
hotel,81364
judge,81312
pattern,81097
break,81057
institution,80998
faith,80912
professional,80903
reflect,80851
folk,80843
surface,80819
fall,80585
client,80584
edge,80577
traditional,80470
council,80469
device,80398
firm,80364
environmental,80328
responsibility,80294
chair,80186
internet,80144
october,80099
by,80074
funny,79978
immediately,79856
investment,79833
ship,79715
effective,79635
previous,79535
content,79496
consumer,79489
element,79440
nuclear,79435
spirit,79123
directly,79121
afraid,78979
define,78953
handle,78899
track,78828
run,78645
wind,78623
lack,78587
cost,78520
announce,78426
journal,78364
heavy,78327
ice,78316
collection,78281
feed,78280
soldier,78276
just,78214
governor,78194
fish,78114
shoulder,78062
cultural,78023
successful,77999
fair,77775
trust,77728
suddenly,77721
future,77663
interested,77632
deliver,77338
saturday,77290
editor,77280
fresh,77195
anybody,77150
destroy,77088
claim,77050
critical,77026
agreement,76793
powerful,76773
researcher,76737
concept,76679
willing,76629
band,76423
marry,76412
promise,76397
easily,76348
restaurant,76197
league,76178
senior,76109
capital,76018
anymore,75907
april,75906
potential,75838
etc,75726
quick,75637
magazine,75615
status,75577
attend,75448
replace,75439
due,75368
hill,75365
kitchen,75167
achieve,74946
screen,74705
generally,74681
mistake,74643
along,74461
strike,74378
battle,74296
spot,74296
basic,74208
very,74143
corner,74047
target,73925
driver,73902
beginning,73853
religion,73744
crisis,73691
count,73650
museum,73559
engage,73493
communication,73413
murder,73388
blow,73361
object,73304
express,73274
huh,73257
encourage,73251
matter,73171
blog,73163
smile,73137
return,73109
belief,73067
block,73065
debt,73015
fire,72911
labor,72759
understanding,72651
neighborhood,72625
contract,72568
middle,72563
species,72542
additional,72539
sample,72489
involved,72455
inside,72435
mostly,72378
path,72335
concerned,72309
apple,72273
conduct,72181
god,72022
wonderful,71940
library,71921
prison,71871
hole,71837
attempt,71833
complete,71752
code,71659
sales,71601
gift,71372
refuse,71277
increase,71248
garden,71243
introduce,71221
roll,71123
christian,71055
definitely,70982
like,70955
lake,70940
turn,70831
sure,70758
earn,70697
plane,70679
vehicle,70662
examine,70501
application,70441
thousand,70404
coffee,70366
gain,70275
result,70269
file,70059
billion,70048
reform,70010
ignore,70007
welcome,69914
gold,69903
jump,69861
planet,69822
location,69669
bird,69662
amazing,69525
principle,69403
promote,69398
search,69392
nine,69389
alive,69360
possibility,69316
sky,69285
otherwise,69243
remind,69182
healthy,69023
fit,68996
horse,68883
advantage,68866
commercial,68821
steal,68807
basis,68758
context,68668
highly,68586
christmas,68542
strength,68537
move,68522
monday,68488
mean,68411
alone,68401
beach,68303
survey,68301
writing,68200
master,68182
cry,68161
scale,68139
resident,68096
football,68073
sweet,67903
failure,67885
reporter,67831
commit,67792
fight,67767
one,67755
associate,67750
vision,67714
function,67710
truly,67680
sick,67645
average,67618
human,67605
stupid,67597
will,67581
chinese,67573
connection,67550
camp,67510
stone,67456
hundred,67455
key,67404
truck,67403
afternoon,67378
responsible,67329
secretary,67325
apparently,67248
smart,67232
southern,67179
totally,67117
western,67085
collect,67062
conflict,67061
burn,66886
learning,66879
wake,66773
contribute,66772
ride,66723
british,66700
following,66684
order,66657
share,66642
newspaper,66598
foundation,66578
variety,66555
perspective,66540
document,66467
presence,66412
stare,66392
lesson,66252
limit,66220
appreciate,66216
complete,66198
observe,66197
currently,66051
hundred,66002
fun,65982
crowd,65965
attack,65959
apartment,65884
survive,65838
guest,65818
soul,65749
protection,65690
intelligence,65687
yesterday,65635
somewhere,65620
border,65422
reading,65417
terms,65413
leadership,65396
present,65336
chief,65311
attitude,65288
start,65218
um,65033
deny,64887
website,64875
seriously,64827
actual,64818
recall,64789
fix,64728
negative,64601
connect,64462
distance,64404
regular,64293
climate,64223
relation,64199
flight,64148
dangerous,64067
boat,64026
aspect,63967
grab,63946
until,63882
favorite,63804
like,63748
january,63714
independent,63631
volume,63626
am,63615
lots,63604
front,63594
online,63564
theater,63549
speed,63502
aware,63488
identity,63440
demand,63402
extra,63392
charge,63379
guard,63290
demonstrate,63269
fully,63238
tuesday,63179
facility,63117
farm,62942
mind,62869
fun,62839
thousand,62833
august,62821
hire,62794
light,62687
link,62629
shoe,62523
institute,62451
below,62313
living,62299
european,62156
quarter,62138
basically,62046
forest,61942
multiple,61694
poll,61677
wild,61605
measure,61601
twice,61563
cross,61522
background,61431
settle,61424
winter,61394
focus,61392
presidential,61351
operate,61296
fuck,61292
view,61111
daily,61083
shop,61038
above,61018
division,60892
slowly,60889
advice,60861
reaction,60811
injury,60769
it,60763
ticket,60721
grade,60710
wow,60702
birth,60673
painting,60548
outcome,60498
enemy,60473
damage,60384
being,60354
storm,60280
shape,60252
bowl,60234
commission,60218
captain,60187
ear,60160
troop,60133
female,60116
wood,60115
warm,60062
clean,60059
lead,59773
minister,59752
neighbor,59746
tiny,59714
mental,59701
software,59696
glad,59681
finding,59632
lord,59563
drive,59524
temperature,59493
quiet,59485
spread,59483
bright,59449
cut,59434
influence,59350
kick,59307
annual,59301
procedure,59288
respect,59226
wave,59169
tradition,59099
threaten,59034
primary,58990
strange,58863
actor,58856
blame,58815
active,58801
cat,58763
depend,58725
bus,58707
clothes,58660
affair,58553
contact,58518
category,58470
topic,58410
victory,58342
direct,58289
towards,58251
map,58218
egg,58198
ensure,58156
general,58129
expression,58120
past,58119
session,58108
competition,58102
possibly,58071
technique,58028
mine,58009
average,57985
intend,57970
impossible,57892
moral,57787
academic,57717
wine,57614
approach,57607
somehow,57596
gather,57562
scientific,57547
african,57497
cook,57383
participate,57361
gay,57195
appropriate,57163
youth,57132
dress,56967
straight,56942
weather,56939
recommend,56938
medicine,56814
novel,56709
obvious,56696
thursday,56611
exchange,56534
explore,56474
extend,56458
bay,56420
invite,56415
tie,56394
ah,56374
belong,56342
obtain,56312
broad,56310
conclusion,56296
progress,56162
surprise,56116
assessment,55956
smile,55936
feature,55868
cash,55856
defend,55825
pound,55670
correct,55632
married,55629
pair,55530
slightly,55389
loan,55348
village,55217
half,55207
suit,55200
demand,55168
historical,55028
meaning,55014
attempt,54992
supply,54988
lift,54954
ourselves,54951
honey,54912
bone,54911
consequence,54883
unique,54827
next,54768
regulation,54726
award,54712
bottom,54701
excuse,54672
familiar,54651
classroom,54542
search,54487
reference,54390
emerge,54379
long,54354
lunch,54300
judge,54271
ad,54265
desire,54265
instruction,54207
emergency,54204
thinking,54200
tour,54157
french,54133
combine,54133
moon,54069
sad,54041
address,54018
december,53957
anywhere,53945
chicken,53916
fuel,53882
train,53865
abuse,53777
construction,53745
wednesday,53706
link,53674
deserve,53654
famous,53575
intervention,53351
grand,53325
visit,53262
confirm,53256
lucky,53231
insist,53141
coast,53114
proud,53067
cover,53057
fourth,53036
cop,52982
angry,52980
native,52950
supreme,52933
baseball,52864
but,52830
email,52826
accident,52784
front,52764
duty,52673
growing,52661
struggle,52598
revenue,52579
expand,52529
chief,52508
launch,52479
trend,52452
ring,52405
repeat,52290
breath,52280
inch,52275
neck,52214
core,52195
terrible,52179
billion,52087
relatively,52070
complex,51957
press,51939
miss,51928
slow,51880
soft,51824
generate,51796
extremely,51789
last,51774
drink,51766
forever,51747
corporate,51712
deep,51692
prefer,51684
except,51607
cheap,51588
literature,51523
direct,51486
mayor,51481
male,51453
importance,51419
record,51375
danger,51331
emotional,51327
knee,51298
ass,51238
capture,51215
traffic,51138
fucking,51076
outside,51030
now,50991
train,50975
plate,50934
equipment,50894
select,50804
file,50771
studio,50758
expensive,50744
secret,50730
engine,50724
adopt,50605
luck,50589
via,50560
pm,50551
panel,50544
hero,50520
circle,50510
critic,50462
solve,50437
busy,50363
episode,50354
back,50340
check,50298
requirement,50272
politician,50171
rain,50093
colleague,50084
disappear,50053
beer,50024
predict,50013
exercise,49985
tired,49972
democracy,49951
ultimately,49899
setting,49873
honor,49871
works,49867
unfortunately,49863
theme,49821
issue,49792
male,49791
clean,49764
united,49746
pool,49670
educational,49636
empty,49565
comfortable,49532
investigate,49473
useful,49468
pocket,49462
digital,49461
plenty,49361
entirely,49352
fear,49288
afford,49246
sugar,49230
teaching,49167
conservative,49144
chairman,49123
error,49042
bridge,49030
tall,48978
specifically,48927
flower,48912
though,48909
universe,48854
live,48836
acknowledge,48811
limit,48738
coverage,48693
crew,48673
locate,48581
balance,48537
equal,48522
lip,48507
lean,48484
zone,48403
wedding,48365
copy,48365
score,48316
joke,48299
used,48287
clear,48273
bear,48272
meal,48158
review,48123
minority,48052
sight,48022
sleep,48020
russian,48001
dress,47994
release,47967
soviet,47917
profit,47886
challenge,47854
careful,47847
gender,47825
tape,47805
ocean,47773
unidentified,47748
host,47739
grant,47729
circumstance,47687
late,47682
boss,47643
declare,47594
domestic,47518
tea,47503
organize,47499
english,47464
neither,47463
either,47446
official,47368
surround,47314
manner,47282
surprised,47267
percentage,47208
massive,47167
cloud,47140
winner,47124
honest,47105
standard,47085
propose,47044
rely,47026
plus,46937
sentence,46932
request,46865
appearance,46855
regarding,46854
excellent,46847
criminal,46839
salt,46825
beauty,46819
bottle,46801
component,46800
under,46799
fee,46768
jewish,46702
yours,46632
dry,46604
dance,46601
shirt,46579
tip,46537
plastic,46455
indian,46454
mark,46427
tooth,46405
meat,46401
stress,46396
illegal,46386
significantly,46378
february,46378
constitution,46355
definition,46347
uncle,46291
metal,46260
album,46247
self,46225
suppose,46217
investor,46202
fruit,46189
holy,46164
desk,46133
eastern,46071
valley,46050
largely,46002
abortion,45934
chapter,45911
commitment,45809
celebrate,45778
arrest,45707
dance,45680
prime,45667
urban,45632
internal,45614
bother,45596
proposal,45546
shift,45537
capacity,45515
guilty,45494
warn,45485
influence,45471
weak,45461
except,45458
catholic,45444
nose,45433
variable,45399
convention,45389
jury,45342
root,45327
incident,45300
climb,45263
hearing,45235
everywhere,45191
payment,45132
bear,45125
conclude,45116
scream,45103
surgery,45042
shadow,45022
witness,44979
increasingly,44978
chest,44918
amendment,44879
paint,44842
secret,44837
complain,44829
extent,44804
pleasure,44800
nod,44778
holiday,44775
super,44696
talent,44687
necessarily,44682
liberal,44658
expectation,44646
ride,44508
accuse,44491
knock,44485
previously,44480
wing,44427
corporation,44407
sector,44401
fat,44341
experiment,44341
match,44314
thin,44274
farmer,44255
rare,44243
english,44219
confidence,44154
bunch,43989
bet,43896
cite,43809
northern,43805
speaker,43781
breast,43780
contribution,43738
leaf,43674
creative,43673
interaction,43639
hat,43629
doubt,43620
promise,43606
pursue,43595
overall,43582
nurse,43524
question,43506
long-term,43471
gene,43463
package,43448
weird,43433
difficulty,43423
hardly,43416
daddy,43376
estimate,43344
list,43341
era,43331
comment,43256
aid,43250
vs,43241
invest,43235
personally,43235
notion,43225
explanation,43197
airport,43177
chain,43156
expose,43119
lock,43093
convince,43085
channel,43041
carefully,43034
tear,43024
estate,43023
initial,42971
offer,42944
purchase,42921
guide,42871
forth,42832
his,42776
bond,42742
birthday,42727
travel,42709
pray,42700
improvement,42657
ancient,42623
ought,42597
escape,42473
trail,42439
brown,42423
fashion,42405
length,42379
sheet,42366
funding,42356
meanwhile,42307
fault,42283
barely,42258
eliminate,42246
motion,42232
essential,42222
apart,42168
combination,42138
limited,42129
description,42091
mix,42079
snow,42027
implement,42004
pretty,41937
proper,41810
part,41783
marketing,41781
approve,41740
other,41717
bomb,41679
slip,41664
regional,41656
lack,41652
muscle,41650
contact,41609
rise,41609
FALSE,41580
likely,41540
creation,41523
typically,41485
spending,41483
instrument,41473
mass,41453
far,41427
thick,41420
kiss,41405
increased,41356
inspire,41223
separate,41176
noise,41144
yellow,41133
aim,41126
e-mail,41092
cycle,41088
signal,41085
app,41082
golden,41056
reject,41033
inform,41031
perception,41010
visitor,41006
cast,41004
contrast,40982
judgment,40961
mean,40927
rest,40908
representative,40894
pass,40865
regime,40863
merely,40843
producer,40843
whoa,40833
route,40816
lie,40794
typical,40785
analyst,40785
account,40739
elect,40738
smell,40735
female,40661
living,40560
disability,40559
comparison,40525
hand,40469
rating,40458
campus,40453
assess,40352
solid,40301
branch,40300
mad,40286
somewhat,40283
gentleman,40277
opposition,40268
fast,40261
suspect,40173
land,40144
hit,40121
aside,40119
athlete,40094
opening,40053
prayer,40037
frequently,40035
employ,40014
basketball,40007
existing,39974
revolution,39959
click,39951
emotion,39949
fuck,39924
platform,39915
behind,39874
frame,39817
appeal,39798
quote,39780
potential,39779
struggle,39777
brand,39754
enable,39743
legislation,39690
addition,39685
lab,39668
oppose,39656
row,39635
immigration,39570
asset,39563
observation,39551
online,39528
taste,39481
decline,39480
attract,39479
ha,39473
for,39453
household,39430
separate,39416
breathe,39322
existence,39315
mirror,39284
pilot,39272
stand,39230
relief,39223
milk,39204
warning,39194
heaven,39105
flow,39098
literally,39094
quit,39091
calorie,39066
seed,39062
vast,38988
bike,38920
german,38898
employer,38895
drag,38895
technical,38887
disaster,38801
display,38757
sale,38751
bathroom,38712
succeed,38621
consistent,38618
agenda,38615
enforcement,38612
diet,38595
mark,38593
silence,38552
journalist,38495
bible,38492
queen,38445
divide,38426
expense,38330
cream,38234
exposure,38231
priority,38168
soil,38159
angel,38155
journey,38098
trust,38062
relevant,38034
tank,38032
cheese,38025
schedule,38022
bedroom,37979
tone,37956
selection,37940
date,37929
perfectly,37923
wheel,37921
gap,37884
veteran,37880
below,37877
disagree,37874
characteristic,37848
protein,37846
resolution,37841
whole,37840
regard,37839
fewer,37775
engineer,37679
walk,37624
dish,37580
waste,37529
print,37504
depression,37492
dude,37467
fat,37455
present,37433
upper,37419
wrap,37396
ceo,37374
visual,37347
initiative,37346
rush,37327
gate,37317
slow,37312
whenever,37287
entry,37187
japanese,37170
gray,37161
assistance,37154
height,37131
compete,37112
rule,37088
due,37060
essentially,37053
benefit,37025
phase,37013
conservative,36998
recover,36947
criticism,36941
faculty,36906
achievement,36879
alcohol,36823
therapy,36823
offense,36790
touch,36766
killer,36754
personality,36750
landscape,36719
deeply,36653
reasonable,36622
soon,36611
suck,36572
transition,36569
fairly,36548
column,36526
wash,36491
button,36451
opponent,36412
pour,36412
immigrant,36379
first,36365
distribution,36338
golf,36327
pregnant,36303
unable,36300
alternative,36296
favorite,36231
stop,36214
violent,36167
portion,36150
acquire,36094
suicide,36059
stretch,36058
deficit,36029
symptom,36021
solar,35987
complaint,35954
capable,35954
analyze,35948
scared,35867
supporter,35863
dig,35841
twenty,35825
pretend,35824
philosophy,35824
childhood,35815
lower,35791
well,35789
outside,35738
dark,35705
wealth,35662
welfare,35639
poverty,35629
prosecutor,35613
spiritual,35599
double,35592
evaluate,35577
mass,35566
israeli,35547
shift,35516
reply,35489
buck,35423
display,35418
knife,35408
round,35407
tech,35394
detective,35355
pack,35348
disorder,35345
creature,35342
tear,35320
closely,35294
industrial,35272
housing,35224
watch,35203
chip,35203
regardless,35166
numerous,35164
tie,35058
range,35010
command,35010
shooting,34970
dozen,34950
pop,34932
layer,34911
bread,34840
exception,34835
passion,34825
block,34808
highway,34789
pure,34741
commander,34731
extreme,34678
publication,34656
vice,34652
fellow,34637
win,34613
mystery,34553
championship,34425
install,34402
tale,34400
liberty,34393
host,34350
beneath,34337
passenger,34335
physician,34292
graduate,34285
sharp,34272
substance,34262
atmosphere,34247
stir,34231
muslim,34226
passage,34197
pepper,34195
emphasize,34190
cable,34164
square,34163
recipe,34098
load,34026
beside,34005
roof,34005
vegetable,34000
accomplish,33992
silent,33973
habit,33933
discovery,33930
total,33836
recovery,33830
dna,33819
gain,33808
territory,33787
girlfriend,33779
consist,33777
straight,33764
surely,33758
proof,33755
nervous,33745
immediate,33745
parking,33735
sin,33703
unusual,33695
rice,33676
engineering,33630
advance,33626
interview,33551
bury,33531
still,33525
cake,33519
anonymous,33517
flag,33516
contemporary,33482
good,33457
jail,33453
rural,33383
match,33368
coach,33363
interpretation,33342
wage,33339
breakfast,33309
severe,33278
profile,33259
saving,33236
brief,33229
adjust,33205
reduction,33167
constantly,33167
assist,33161
bitch,33157
constant,33090
permit,33083
primarily,33079
entertainment,33057
shout,33053
academy,33028
teaspoon,33027
dream,33013
transfer,33009
usual,32997
ally,32994
clinical,32983
count,32971
swear,32971
avenue,32968
priest,32965
employment,32957
waste,32952
relax,32948
owe,32943
transform,32910
grass,32880
narrow,32874
ethnic,32857
scholar,32846
edition,32842
abandon,32838
practical,32834
infection,32785
musical,32775
suggestion,32775
resistance,32768
smoke,32716
prince,32712
illness,32704
embrace,32690
trade,32679
republic,32646
volunteer,32631
target,32627
general,32547
evaluation,32514
mine,32473
opposite,32431
awesome,32423
switch,32414
black,32406
iraqi,32364
iron,32359
perceive,32339
fundamental,32336
phrase,32319
assumption,32317
sand,32307
designer,32303
planning,32282
leading,32280
mode,32229
track,32224
respect,32224
widely,32221
occasion,32220
pose,32193
approximately,32193
retire,32169
elsewhere,32165
festival,32159
cap,32115
secure,32084
attach,32064
mechanism,32060
intention,32022
scenario,32007
yell,32005
incredible,31983
spanish,31958
strongly,31943
racial,31893
transportation,31888
pot,31864
boyfriend,31817
consideration,31756
prior,31754
retirement,31749
rarely,31748
joint,31738
doubt,31736
preserve,31701
enormous,31697
cigarette,31674
factory,31626
valuable,31626
clip,31612
electric,31583
giant,31557
slave,31539
submit,31515
effectively,31505
christian,31496
monitor,31483
wonder,31463
resolve,31452
remaining,31407
participation,31395
stream,31393
rid,31388
origin,31342
teen,31336
particular,31295
congressional,31271
bind,31267
coat,31266
tower,31252
license,31242
twitter,31238
impose,31201
innocent,31192
curriculum,31171
mail,31141
estimate,31122
insight,31094
investigator,31082
virus,31075
hurricane,31072
accurate,31068
provision,31059
strike,31051
communicate,31040
cross,31025
vary,31000
jacket,30995
increasing,30970
green,30968
equally,30968
pay,30935
in,30931
light,30928
implication,30921
fiction,30883
protest,30878
mama,30857
imply,30829
twin,30810
pant,30810
another,30791
ahead,30782
bend,30768
shock,30746
exercise,30730
criteria,30727
arab,30709
dirty,30707
ring,30684
toy,30678
potentially,30671
assault,30609
peak,30595
anger,30587
boot,30566
dramatic,30558
peer,30537
enhance,30470
math,30465
slide,30451
favor,30405
pink,30396
dust,30376
aunt,30364
lost,30362
prospect,30358
mood,30344
mm-hmm,30339
settlement,30250
rather,30233
justify,30199
depth,30176
juice,30156
formal,30129
virtually,30114
gallery,30109
tension,30082
throat,30071
draft,30062
reputation,29988
index,29987
normally,29963
mess,29961
joy,29949
steel,29886
motor,29863
enterprise,29857
salary,29856
moreover,29856
giant,29852
cousin,29840
ordinary,29816
graduate,29793
dozen,29771
evolution,29760
so-called,29757
helpful,29707
competitive,29700
lovely,29696
fishing,29682
anxiety,29659
professional,29639
carbon,29639
essay,29637
islamic,29622
honor,29595
drama,29588
odd,29585
evil,29573
stranger,29572
belt,29548
urge,29531
toss,29527
fifth,29510
formula,29504
potato,29496
monster,29491
smoke,29483
telephone,29482
rape,29477
palm,29472
jet,29468
navy,29450
excited,29450
plot,29444
angle,29422
criticize,29408
prisoner,29394
discipline,29386
negotiation,29385
damn,29373
butter,29372
desert,29353
complicated,29335
prize,29331
blind,29326
assign,29315
bullet,29277
awareness,29265
sequence,29257
illustrate,29234
drop,29201
pack,29197
provider,29196
fucking,29176
minor,29172
activist,29161
poem,29138
vacation,29123
weigh,29121
gang,29116
privacy,29115
clock,29112
arrange,29108
penalty,29096
stomach,29089
concert,29086
originally,29084
statistics,29070
electronic,29064
properly,29063
bureau,29044
wolf,29042
and/or,29029
classic,29028
recommendation,28998
exciting,28990
maker,28989
dear,28984
impression,28975
broken,28965
battery,28962
narrative,28928
process,28916
arise,28915
kid,28911
sake,28905
delivery,28903
forgive,28897
visible,28886
heavily,28880
junior,28869
rep,28848
diversity,28848
string,28844
lawsuit,28834
latter,28825
cute,28813
deputy,28806
restore,28777
buddy,28763
psychological,28740
besides,28711
intense,28703
friendly,28697
evil,28696
lane,28689
hungry,28647
bean,28639
sauce,28639
print,28636
dominate,28636
testing,28626
trick,28621
fantasy,28620
absence,28618
offensive,28611
symbol,28609
recognition,28585
detect,28574
tablespoon,28554
construct,28515
hmm,28510
arrest,28504
approval,28499
aids,28489
whereas,28472
defensive,28464
independence,28463
apologize,28462
top,28439
asian,28419
rose,28398
ghost,28365
involvement,28357
permanent,28345
wire,28337
whisper,28334
mouse,28329
airline,28327
founder,28315
objective,28315
nowhere,28292
alternative,28282
phenomenon,28258
evolve,28257
not,28251
exact,28250
silver,28244
cent,28231
universal,28224
teenager,28219
crucial,28219
viewer,28181
schedule,28174
ridiculous,28150
chocolate,28147
sensitive,28109
bottom,28102
grandmother,28091
missile,28086
roughly,28083
constitutional,28065
adventure,28045
genetic,28027
advance,28014
related,28013
swing,27981
ultimate,27973
manufacturer,27966
unknown,27955
wipe,27952
crop,27946
survival,27914
line,27910
dimension,27889
resist,27867
request,27861
roll,27831
shape,27828
darkness,27827
guarantee,27824
historic,27799
educator,27782
rough,27778
personnel,27773
race,27773
confront,27771
terrorist,27765
royal,27749
elite,27712
occupy,27708
emphasis,27699
wet,27690
destruction,27666
raw,27663
inner,27642
proceed,27636
violate,27630
chart,27628
pace,27613
finance,27594
champion,27593
snap,27586
suspect,27585
advise,27580
initially,27566
advanced,27563
unlikely,27546
barrier,27530
advocate,27479
label,27479
access,27476
horrible,27456
burden,27443
violation,27435
unlike,27434
idiot,27432
lifetime,27432
working,27367
fund,27347
ongoing,27334
react,27322
routine,27266
presentation,27265
supply,27255
gear,27243
photograph,27239
mexican,27233
stadium,27233
translate,27231
mortgage,27227
sheriff,27193
clinic,27190
spin,27184
coalition,27166
naturally,27157
hopefully,27150
mix,27117
menu,27113
smooth,27095
advertising,27069
interpret,27068
plant,27047
dismiss,27026
muslim,26994
apparent,26981
arrangement,26976
incorporate,26974
split,26970
brilliant,26970
storage,26941
framework,26926
honestly,26926
chase,26901
sigh,26874
assure,26863
utility,26839
taste,26826
aggressive,26819
cookie,26809
terror,26792
free,26787
worth,26778
wealthy,26746
update,26744
forum,26724
alliance,26718
possess,26713
empire,26692
curious,26666
corn,26609
neither,26586
calculate,26570
hurry,26561
testimony,26542
elementary,26542
transfer,26541
stake,26539
precisely,26538
bite,26532
given,26528
substantial,26521
depending,26517
glance,26481
tissue,26475
concentration,26470
developer,26466
found,26466
ballot,26460
consume,26453
overcome,26449
biological,26435
chamber,26416
similarly,26400
stick,26373
dare,26363
developing,26334
tiger,26334
ratio,26305
lover,26282
expansion,26265
encounter,26259
occasionally,26250
unemployment,26248
pet,26240
awful,26206
laboratory,26198
administrator,26195
wind,26183
quarterback,26181
rocket,26167
preparation,26152
relative,26146
confident,26144
strategic,26103
marine,26088
quote,26087
publisher,26079
innovation,26039
highlight,26029
nut,26017
fighter,26014
rank,26007
electricity,26003
instance,26001
fortune,25994
freeze,25985
variation,25982
armed,25972
negotiate,25963
laughter,25929
wisdom,25925
correspondent,25907
mixture,25895
murder,25889
assistant,25884
retain,25881
tomato,25826
indian,25825
testify,25823
ingredient,25809
since,25781
galaxy,25775
qualify,25774
scheme,25772
gop,25770
shame,25764
concentrate,25761
contest,25761
introduction,25722
boundary,25694
tube,25647
versus,25646
chef,25646
regularly,25635
ugly,25632
screw,25632
load,25620
tongue,25612
palestinian,25603
fiscal,25598
creek,25595
hip,25581
accompany,25567
decline,25563
terrorism,25562
respondent,25555
narrator,25554
voting,25547
refugee,25533
assembly,25533
fraud,25518
limitation,25511
house,25510
partnership,25493
store,25475
crash,25472
surprise,25449
representation,25448
hold,25448
ministry,25434
flat,25427
wise,25418
witness,25418
excuse,25386
register,25367
comedy,25303
purchase,25302
tap,25295
infrastructure,25291
organic,25288
islam,25282
diverse,25277
favor,25274
intellectual,25268
tight,25214
port,25211
fate,25194
market,25191
absolute,25184
dialogue,25173
plus,25166
frequency,25158
tribe,25147
external,25146
appointment,25144
convert,25123
surprising,25114
mobile,25095
establishment,25090
worried,25086
bye,25081
shopping,25052
celebrity,24989
congressman,24982
impress,24977
taxpayer,24954
adapt,24934
publicly,24932
pride,24923
clothing,24923
rapidly,24922
domain,24914
mainly,24910
ceiling,24902
alter,24900
shelter,24892
random,24886
obligation,24879
shower,24876
beg,24867
asleep,24848
musician,24829
extraordinary,24829
dirt,24819
pc,24814
bell,24813
smell,24783
damage,24780
ceremony,24779
clue,24755
guideline,24752
comfort,24745
near,24720
pregnancy,24687
borrow,24662
conventional,24656
tourist,24638
incentive,24612
custom,24610
cheek,24607
tournament,24576
double,24576
satellite,24573
nearby,24560
comprehensive,24553
stable,24549
medication,24549
script,24547
educate,24527
efficient,24525
risk,24524
welcome,24515
scare,24484
psychology,24479
logic,24470
economics,24463
update,24444
nevertheless,24438
devil,24433
thirty,24427
beat,24421
charity,24405
fiber,24394
wave,24391
ideal,24367
friendship,24359
net,24355
motivation,24342
differently,24322
reserve,24319
observer,24293
humanity,24254
survivor,24240
fence,24223
quietly,24222
humor,24213
major,24191
funeral,24184
spokesman,24143
extension,24142
loose,24139
sink,24129
historian,24128
ruin,24113
balance,24104
chemical,24096
singer,24095
drunk,24079
swim,24072
onion,24049
specialist,24031
missing,24015
white,24014
pan,24011
distribute,24006
silly,24001
deck,23996
reflection,23994
shortly,23986
database,23984
flow,23932
remote,23930
permission,23927
remarkable,23919
everyday,23918
lifestyle,23917
sweep,23911
naked,23909
sufficient,23898
lion,23871
consumption,23864
capability,23836
practice,23797
emission,23770
sidebar,23763
crap,23756
dealer,23742
measurement,23736
vital,23700
impressive,23687
bake,23686
fantastic,23669
adviser,23663
yield,23640
mere,23631
imagination,23622
radical,23620
tragedy,23619
scary,23596
consultant,23591
correct,23582
lieutenant,23579
upset,23566
attractive,23563
acre,23558
drawing,23549
defeat,23537
newly,23531
scandal,23525
ambassador,23522
ooh,23498
spot,23494
content,23491
round,23484
bench,23481
guide,23475
counter,23475
chemical,23464
odds,23462
rat,23442
horror,23430
appeal,23427
vulnerable,23392
prevention,23383
square,23378
segment,23372
ban,23359
tail,23344
constitute,23339
badly,23330
bless,23307
literary,23305
magic,23302
implementation,23294
legitimate,23286
slight,23283
crash,23281
strip,23266
desperate,23253
distant,23251
preference,23230
politically,23229
feedback,23220
health-care,23216
criminal,23214
can,23201
italian,23199
detailed,23161
buyer,23157
wrong,23141
cooperation,23135
profession,23135
incredibly,23108
orange,23088
killing,23084
sue,23083
photographer,23062
running,23050
engagement,23041
differ,23032
paint,23029
pitch,23028
extensive,23021
salad,23010
stair,23001
notice,22997
grace,22995
divorce,22992
vessel,22977
pig,22965
assignment,22955
distinction,22938
fit,22936
circuit,22927
acid,22925
canadian,22924
flee,22896
efficiency,22889
memorial,22884
proposed,22864
blue,22857
entity,22849
iphone,22844
punishment,22839
pause,22805
pill,22802
rub,22774
romantic,22772
myth,22770
economist,22756
latin,22755
decent,22751
assistant,22741
craft,22724
poetry,22722
terrorist,22697
thread,22683
wooden,22683
confuse,22680
subject,22677
privilege,22671
coal,22670
fool,22667
cow,22660
characterize,22657
pie,22654
decrease,22654
resort,22647
legacy,22631
re,22620
stress,22587
frankly,22564
matter,22486
cancel,22480
derive,22469
dumb,22462
scope,22460
formation,22441
grandfather,22432
hence,22424
wish,22423
margin,22417
wound,22414
exhibition,22400
legislature,22388
furthermore,22381
portrait,22377
catholic,22367
sustain,22359
uniform,22332
painful,22292
loud,22276
miracle,22275
harm,22267
zero,22266
tactic,22260
mask,22256
calm,22255
inflation,22242
hunting,22232
physically,22212
final,22206
flesh,22204
temporary,22199
fellow,22194
nerve,22174
lung,22170
steady,22152
headline,22141
sudden,22133
successfully,22130
defendant,22117
pole,22115
satisfy,22111
entrance,22111
aircraft,22111
withdraw,22109
cabinet,22078
relative,22070
repeatedly,22066
happiness,22053
admission,22052
correlation,22034
proportion,22031
dispute,22027
candy,21987
reward,21978
counselor,21975
recording,21968
pile,21960
explosion,21954
appoint,21949
couch,21942
cognitive,21925
furniture,21915
significance,21902
grateful,21895
magic,21888
suit,21887
commissioner,21855
shelf,21854
tremendous,21826
warrior,21822
physics,21798
garage,21790
flavor,21772
squeeze,21756
prominent,21752
fifty,21736
fade,21734
oven,21721
satisfaction,21718
discrimination,21715
recession,21714
allegation,21709
boom,21690
weekly,21686
lately,21666
restriction,21665
diamond,21652
document,21648
crack,21623
conviction,21599
heel,21595
fake,21560
fame,21544
shine,21543
swing,21541
playoff,21528
actress,21526
cheat,21523
format,21521
controversy,21521
auto,21510
grant,21506
grocery,21497
headquarters,21481
rip,21480
rank,21476
shade,21457
regulate,21437
meter,21425
olympic,21422
pipe,21413
patient,21374
celebration,21353
handful,21346
copyright,21330
dependent,21306
signature,21285
bishop,21282
strengthen,21276
soup,21273
entitle,21264
whoever,21251
carrier,21245
anniversary,21242
pizza,21238
ethics,21228
legend,21223
eagle,21220
scholarship,21183
crack,21181
research,21178
membership,21172
standing,21145
possession,21141
treaty,21138
partly,21132
consciousness,21114
manufacturing,21096
announcement,21081
tire,21067
no,21041
makeup,21035
pop,21033
prediction,21032
stability,21031
trace,21026
norm,21014
irish,21004
genius,20987
gently,20979
operator,20947
mall,20944
rumor,20921
poet,20918
tendency,20906
subsequent,20893
alien,20885
explode,20874
cool,20868
controversial,20863
maintenance,20861
courage,20859
exceed,20855
tight,20839
principal,20834
vaccine,20826
identification,20823
sandwich,20804
bull,20803
lens,20785
twelve,20768
mainstream,20766
presidency,20723
integrity,20719
distinct,20706
intelligent,20703
secondary,20701
bias,20699
hypothesis,20698
fifteen,20691
nomination,20678
delay,20668
adjustment,20658
sanction,20651
render,20635
shop,20625
acceptable,20624
mutual,20623
high,20621
examination,20620
meaningful,20614
communist,20597
superior,20593
currency,20592
collective,20587
tip,20573
flame,20550
guitar,20550
doctrine,20549
palestinian,20540
float,20540
commerce,20539
invent,20537
robot,20517
rapid,20504
plain,20479
respectively,20478
particle,20474
across,20474
glove,20469
till,20463
edit,20462
moderate,20421
jazz,20420
infant,20410
summary,20407
server,20393
leather,20393
radiation,20383
prompt,20380
function,20370
composition,20367
operating,20353
assert,20352
case,20350
discourse,20342
loud,20340
dump,20326
net,20306
wildlife,20304
soccer,20295
complex,20289
mandate,20285
monitor,20280
downtown,20271
nightmare,20245
barrel,20229
homeless,20229
globe,20226
uncomfortable,20224
execute,20224
feel,20197
trap,20197
gesture,20188
pale,20183
tent,20170
receiver,20165
horizon,20141
diagnosis,20070
considerable,20047
gospel,20013
automatically,20008
fighting,20007
stroke,20004
wander,19979
duck,19968
grain,19956
beast,19956
concern,19955
remark,19951
fabric,19948
civilization,19929
warm,19926
corruption,19925
collapse,19925
ma'am,19916
greatly,19911
workshop,19894
inquiry,19877
cd,19876
admire,19872
exclude,19871
rifle,19857
closet,19855
reporting,19850
curve,19846
patch,19841
touchdown,19832
experimental,19828
earnings,19824
hunter,19821
fly,19815
tunnel,19814
corps,19808
behave,19799
rent,19783
german,19765
motivate,19758
attribute,19755
elderly,19743
virtual,19729
minimum,19720
weakness,19718
progressive,19716
doc,19715
medium,19713
virtue,19711
ounce,19680
collapse,19671
delay,19657
athletic,19650
confusion,19634
legislative,19623
facilitate,19617
midnight,19599
deer,19597
way,19593
undergo,19593
heritage,19592
summit,19581
sword,19580
telescope,19572
donate,19564
blade,19562
toe,19559
agriculture,19558
park,19555
enforce,19538
recruit,19525
favor,19486
dose,19458
concerning,19447
integrate,19446
rate,19441
pitch,19439
prescription,19428
retail,19417
adoption,19416
monthly,19414
deadly,19413
grave,19407
rope,19405
reliable,19403
label,19402
transaction,19400
lawn,19393
consistently,19392
mount,19389
bubble,19365
briefly,19353
absorb,19353
princess,19338
log,19318
blanket,19318
laugh,19315
kingdom,19315
anticipate,19312
bug,19312
primary,19308
dedicate,19305
nominee,19303
transformation,19286
temple,19285
sense,19269
arrival,19265
frustration,19262
changing,19258
demonstration,19226
pollution,19218
poster,19209
nail,19206
nonprofit,19197
cry,19190
guidance,19172
exhibit,19166
pen,19160
interrupt,19158
lemon,19153
bankruptcy,19151
resign,19131
dominant,19131
invasion,19112
sacred,19103
replacement,19102
portray,19095
hunt,19089
distinguish,19085
melt,19071
consensus,19057
kiss,19047
french,19041
hardware,19041
rail,19039
cold,19037
mate,19036
dry,19030
korean,19028
cabin,19019
dining,19017
liberal,19015
snake,18993
tobacco,18992
orientation,18984
trigger,18981
wherever,18966
seize,18961
abuse,18959
mess,18949
punish,18930
sexy,18927
depict,18922
input,18921
seemingly,18903
widespread,18896
competitor,18893
flip,18889
freshman,18878
donation,18869
administrative,18864
donor,18858
gradually,18850
overlook,18846
toilet,18844
pleased,18827
resemble,18824
ideology,18802
glory,18788
maximum,18764
organ,18750
skip,18743
starting,18738
brush,18733
brick,18730
gut,18712
reservation,18704
rebel,18704
disappointed,18701
oak,18691
valid,18685
instructor,18675
rescue,18665
racism,18651
pension,18644
diabetes,18635
overall,18621
cluster,18617
eager,18609
marijuana,18607
combat,18595
praise,18574
costume,18568
sixth,18547
frequent,18545
inspiration,18543
orange,18542
concrete,18533
cooking,18528
conspiracy,18508
trait,18502
van,18497
institutional,18477
garlic,18473
drinking,18467
response,18460
crystal,18456
stretch,18453
pro,18444
associate,18443
helicopter,18430
counsel,18429
equation,18417
roman,18414
sophisticated,18406
timing,18399
pope,18398
opera,18377
ethical,18367
mount,18361
indication,18351
motive,18345
porch,18345
reinforce,18342
gaze,18339
ours,18321
lap,18314
written,18308
reverse,18304
starter,18292
injure,18288
chronic,18286
continued,18283
exclusive,18276
colonel,18262
copy,18254
beef,18253
abroad,18252
thanksgiving,18234
intensity,18229
desire,18224
cave,18219
basement,18210
associated,18209
unlike,18191
fascinating,18189
interact,18183
illustration,18179
daily,18177
essence,18172
container,18171
driving,18169
stuff,18158
dynamic,18151
gym,18149
bat,18132
plead,18129
promotion,18122
uncertainty,18119
ownership,18114
officially,18080
tag,18076
documentary,18071
stem,18061
flood,18059
guilt,18057
inside,18050
alarm,18039
turkey,18036
conduct,18031
diagnose,18030
precious,18016
swallow,18013
initiate,18004
fitness,18001
restrict,17989
gulf,17985
advocate,17982
mommy,17978
unexpected,17962
shrug,17959
agricultural,17939
sacrifice,17936
spectrum,17916
dragon,17915
bacteria,17913
shore,17908
pastor,17896
cliff,17891
ship,17891
adequate,17887
rape,17887
addition,17884
tackle,17881
occupation,17878
compose,17863
slice,17862
brave,17860
military,17849
stimulus,17842
patent,17836
powder,17830
harsh,17815
chaos,17809
kit,17795
this,17786
piano,17786
surprisingly,17784
lend,17776
correctly,17759
project,17755
govern,17753
modest,17749
shared,17746
psychologist,17738
servant,17732
overwhelming,17731
elevator,17718
hispanic,17705
divine,17704
transmission,17702
butt,17681
commonly,17663
cowboy,17658
ease,17652
intent,17648
counseling,17615
gentle,17606
rhythm,17605
short,17604
complexity,17603
nonetheless,17584
effectiveness,17583
lonely,17579
statistical,17575
longtime,17574
strain,17571
firm,17560
garbage,17560
devote,17555
speed,17549
venture,17532
lock,17526
aide,17521
subtle,17521
rod,17510
top,17509
civilian,17506
t-shirt,17501
endure,17500
civilian,17499
basket,17488
strict,17484
loser,17479
franchise,17479
saint,17465
aim,17460
prosecution,17457
bite,17445
lyrics,17443
compound,17435
architecture,17424
reach,17415
destination,17414
cope,17404
province,17402
sum,17402
lecture,17399
spill,17398
genuine,17394
upstairs,17392
protest,17387
trading,17380
please,17377
acceptance,17373
revelation,17367
march,17363
indicator,17361
collaboration,17360
rhetoric,17356
tune,17352
slam,17345
inevitable,17339
monkey,17334
till,17322
protocol,17316
productive,17315
principal,17310
finish,17287
jeans,17273
companion,17269
convict,17257
boost,17241
recipient,17240
practically,17238
array,17233
persuade,17229
undermine,17226
yep,17224
ranch,17219
scout,17206
medal,17200
endless,17193
translation,17186
ski,17185
conservation,17184
habitat,17173
contractor,17156
trailer,17146
pitcher,17123
towel,17122
goodbye,17122
harm,17109
bonus,17099
dramatically,17087
genre,17072
caller,17070
exit,17065
hook,17057
behavioral,17052
omit,17050
pit,17033
volunteer,17024
boring,17020
hook,17012
suspend,17011
cholesterol,17011
closed,16993
advertisement,16993
bombing,16988
consult,16987
encounter,16987
expertise,16978
creator,16976
peaceful,16963
upset,16960
provided,16959
tablet,16958
blow,16948
ruling,16930
launch,16908
warming,16906
equity,16905
rational,16905
classic,16902
utilize,16898
pine,16894
past,16892
bitter,16881
guard,16876
surgeon,16865
affordable,16864
tennis,16863
artistic,16857
download,16856
suffering,16837
accuracy,16834
literacy,16828
treasury,16827
talented,16822
crown,16806
importantly,16802
bare,16802
invisible,16798
sergeant,16794
regulatory,16782
thumb,16776
colony,16776
walking,16767
accessible,16761
damn,16761
integration,16746
spouse,16732
award,16728
excitement,16728
residence,16727
bold,16726
adolescent,16726
greek,16725
doll,16714
oxygen,16714
finance,16685
gravity,16674
functional,16672
palace,16669
echo,16668
cotton,16664
rescue,16660
estimated,16657
program,16652
endorse,16646
lawmaker,16643
determination,16633
flash,16627
simultaneously,16626
dynamics,16623
shell,16622
hint,16621
frame,16594
administer,16592
rush,16589
christianity,16585
distract,16563
ban,16560
alleged,16528
statute,16524
value,16523
biology,16518
republican,16513
follower,16508
nasty,16504
evident,16476
prior,16472
confess,16468
eligible,16461
picture,16439
rock,16432
trap,16420
consent,16419
pump,16418
down,16415
bloody,16415
hate,16397
occasional,16386
trunk,16376
prohibit,16370
sustainable,16363
belly,16361
banking,16356
asshole,16356
journalism,16352
flash,16348
average,16343
obstacle,16342
ridge,16341
heal,16325
bastard,16320
cheer,16318
apology,16314
tumor,16309
architect,16305
wrist,16293
harbor,16291
handsome,16284
bullshit,16278
realm,16277
bet,16276
twist,16274
inspector,16272
surveillance,16262
trauma,16257
rebuild,16256
romance,16244
gross,16241
deadline,16240
age,16238
classical,16222
convey,16221
compensation,16221
insect,16198
debate,16195
output,16190
parliament,16176
suite,16164
opposed,16159
fold,16148
separation,16144
demon,16143
eating,16142
structural,16138
besides,16135
equality,16126
logical,16111
probability,16109
await,16102
generous,16095
acquisition,16072
custody,16070
compromise,16070
greet,16069
trash,16056
judicial,16050
earthquake,16050
insane,16042
realistic,16029
wake,16026
assemble,16017
necessity,16013
horn,16012
parameter,16010
grip,16005
modify,16000
signal,15998
sponsor,15998
mathematics,15994
hallway,15988
african-american,15963
any,15957
liability,15952
crawl,15944
theoretical,15943
condemn,15942
fluid,15938
homeland,15934
technological,15934
exam,15933
anchor,15923
spell,15921
considering,15896
conscious,15895
vitamin,15887
known,15885
hostage,15872
reserve,15866
actively,15862
mill,15859
teenage,15845
respect,15832
retrieve,15830
processing,15825
sentiment,15815
offering,15814
oral,15805
convinced,15803
photography,15803
coin,15797
laptop,15796
bounce,15792
goodness,15790
affiliation,15784
punch,15780
burst,15772
bee,15760
blessing,15758
command,15758
continuous,15752
above,15751
landing,15743
repair,15742
worry,15739
ritual,15737
bath,15725
sneak,15716
historically,15703
mud,15699
scan,15695
reminder,15692
hers,15685
slavery,15684
supervisor,15672
quantity,15672
olympics,15664
pleasant,15653
slope,15651
skirt,15648
outlet,15645
curtain,15640
declaration,15635
seal,15632
immune,15631
switch,15630
calendar,15617
paragraph,15612
identical,15611
credit,15608
regret,15607
quest,15593
flat,15583
entrepreneur,15581
specify,15567
stumble,15561
clay,15557
noon,15551
last,15550
strip,15548
elbow,15543
outstanding,15537
uh-huh,15532
unity,15519
rent,15515
manipulate,15513
airplane,15512
portfolio,15509
mysterious,15507
delicious,15506
northwest,15505
sweat,15505
profound,15497
sacrifice,15484
treasure,15484
flour,15472
lightly,15472
rally,15471
default,15454
alongside,15454
plain,15447
hug,15443
isolate,15433
exploration,15421
secure,15420
limb,15391
enroll,15391
outer,15390
charter,15390
southwest,15385
escape,15376
arena,15361
witch,15359
upcoming,15358
forty,15352
someday,15352
unite,15351
courtesy,15350
statue,15343
fist,15331
castle,15330
precise,15330
squad,15328
cruise,15327
joke,15321
legally,15315
embassy,15303
patience,15298
medium,15296
thereby,15288
bush,15262
purple,15255
peer,15226
electrical,15225
outfit,15213
cage,15211
retired,15207
shark,15207
lobby,15206
sidewalk,15203
near,15200
runner,15188
ankle,15182
attraction,15180
fool,15179
artificial,15142
mercy,15139
indigenous,15139
slap,15130
tune,15126
dancer,15125
candle,15125
sexually,15120
needle,15115
hidden,15111
chronicle,15106
suburb,15106
toxic,15101
underlying,15095
sensor,15084
deploy,15082
debut,15081
star,15075
magnitude,15074
suspicion,15070
pro,15067
colonial,15065
icon,15065
grandma,15063
info,15051
jurisdiction,15049
iranian,15043
senior,15032
parade,15028
seal,15019
archive,15007
gifted,15000
rage,14996
outdoor,14995
ending,14992
loop,14987
altogether,14986
chase,14979
burning,14976
reception,14976
local,14975
crush,14968
premise,14964
deem,14964
automatic,14953
whale,14947
mechanical,14945
credibility,14944
drain,14944
drift,14941
loyalty,14935
promising,14933
tide,14929
traveler,14928
grief,14918
metaphor,14916
skull,14911
pursuit,14909
therapist,14907
backup,14904
workplace,14897
instinct,14894
export,14889
bleed,14888
shock,14881
seventh,14877
fixed,14876
broadcast,14871
disclose,14858
execution,14857
pal,14857
chuckle,14855
pump,14855
density,14854
correction,14850
representative,14835
jump,14819
repair,14803
kinda,14792
relieve,14789
teammate,14789
brush,14780
corridor,14779
russian,14778
enthusiasm,14777
extended,14776
root,14773
alright,14773
panic,14761
pad,14749
bid,14746
mild,14741
productivity,14732
guess,14729
tuck,14721
defeat,14716
railroad,14713
frozen,14710
minimize,14707
amid,14704
inspection,14686
cab,14672
expected,14670
nonsense,14670
leap,14664
draft,14645
rider,14637
theology,14636
terrific,14632
accent,14628
invitation,14626
reply,14613
israeli,14606
liar,14604
oversee,14601
awkward,14591
registration,14577
suburban,14577
handle,14576
momentum,14567
instantly,14557
clerk,14547
chin,14538
hockey,14536
laser,14523
proposition,14515
rob,14506
beam,14505
ancestor,14501
creativity,14474
verse,14470
casual,14469
objection,14466
clever,14465
given,14460
shove,14456
revolutionary,14456
carbohydrate,14454
steam,14454
reportedly,14446
glance,14445
forehead,14437
resume,14434
slide,14433
sheep,14430
good,14423
carpet,14417
cloth,14408
interior,14401
full-time,14401
running,14396
questionnaire,14392
compromise,14391
departure,14389
behalf,14387
graph,14381
diplomatic,14381
thief,14374
herb,14373
subsidy,14371
cast,14354
fossil,14345
patrol,14342
pulse,14341
mechanic,14340
cattle,14338
screening,14328
continuing,14322
electoral,14322
supposedly,14318
dignity,14312
prophet,14308
commentary,14305
sort,14299
spread,14295
serving,14291
safely,14286
homework,14277
allegedly,14263
android,14261
alpha,14253
insert,14249
mortality,14244
contend,14242
elephant,14238
solely,14236
hurt,14232
continent,14230
attribute,14222
ecosystem,14216
leave,14202
nearby,14195
olive,14192
syndrome,14192
minimum,14187
catch,14181
abstract,14180
accusation,14179
coming,14178
sock,14170
pickup,14166
shuttle,14163
improved,14162
calculation,14158
innovative,14152
demographic,14150
accommodate,14139
jaw,14133
unfair,14132
tragic,14131
comprise,14123
faster,14118
nutrition,14118
mentor,14114
stance,14103
rabbit,14099
pause,14099
dot,14080
contributor,14076
cooperate,14075
disk,14075
hesitate,14073
regard,14070
offend,14068
exploit,14067
compel,14061
likelihood,14049
sibling,14047
southeast,14046
gorgeous,14044
undertake,14043
painter,14037
residential,14034
counterpart,14033
believer,14032
lamp,14028
inmate,14023
thoroughly,14022
trace,14018
freak,14012
filter,14005
pillow,14004
orbit,14003
purse,13998
likewise,13985
cease,13982
passing,13970
feed,13963
vanish,13944
instructional,13944
clause,13942
mentally,13939
model,13935
left,13935
pond,13934
neutral,13933
shield,13931
popularity,13929
cartoon,13928
authorize,13916
combined,13905
exhibit,13890
sink,13890
graphic,13890
darling,13887
traditionally,13886
vendor,13880
poorly,13877
conceive,13868
opt,13862
descend,13861
firmly,13854
beloved,13852
openly,13834
gathering,13824
alien,13821
stem,13809
fever,13809
preach,13805
interfere,13797
arrow,13796
required,13778
capitalism,13777
kick,13771
fork,13767
survey,13766
meantime,13763
presumably,13762
position,13750
racist,13749
stay,13749
illusion,13749
removal,13735
anxious,13723
arab,13720
organism,13713
awake,13699
sculpture,13689
spare,13687
marine,13677
harassment,13671
drum,13670
diminish,13670
helmet,13668
level,13664
certificate,13657
tribal,13656
bad,13651
mmm,13644
sadly,13633
cart,13625
spy,13625
sunlight,13624
delete,13618
rookie,13617
clarify,13616
hunger,13609
practitioner,13606
performer,13603
protective,13603
jar,13598
programming,13597
dawn,13590
salmon,13579
census,13578
pick,13577
accomplishment,13575
conscience,13568
fortunately,13552
minimal,13549
molecule,13548
supportive,13543
sole,13543
threshold,13540
inventory,13538
comply,13533
monetary,13532
transport,13531
shy,13525
drill,13524
influential,13513
verbal,13499
reward,13495
ranking,13487
gram,13479
grasp,13477
puzzle,13476
envelope,13474
heat,13463
classify,13459
enact,13451
unfortunate,13445
scatter,13444
cure,13442
time,13440
dear,13436
slice,13431
readily,13430
damn,13429
discount,13415
addiction,13411
emerging,13410
worthy,13410
marker,13409
juror,13406
mention,13404
blend,13390
businessman,13380
premium,13379
retailer,13374
charge,13374
liver,13374
pirate,13368
protester,13352
outlook,13350
elder,13336
gallon,13333
additionally,13324
ignorance,13323
chemistry,13323
sometime,13317
weed,13310
babe,13309
fraction,13308
cook,13308
conversion,13304
object,13303
tolerate,13298
trail,13296
drown,13296
merit,13286
citizenship,13283
coordinator,13280
validity,13278
european,13273
lightning,13272
turtle,13267
ambition,13267
worldwide,13263
sail,13257
added,13256
delicate,13248
comic,13245
soap,13244
hostile,13242
instruct,13240
shortage,13236
useless,13235
booth,13234
diary,13233
gasp,13228
suspicious,13224
transit,13220
excite,13219
publishing,13216
curiosity,13208
grid,13205
rolling,13198
bow,13189
cruel,13185
disclosure,13185
rival,13176
denial,13171
secular,13171
flood,13171
speculation,13167
sympathy,13166
tender,13158
inappropriate,13156
o'clock,13146
sodium,13145
divorce,13133
spring,13122
bang,13122
challenging,13118
ipad,13111
sack,13104
barn,13093
reliability,13090
hormone,13088
footage,13085
carve,13085
alley,13070
ease,13065
coastal,13059
cafe,13055
partial,13052
flexible,13049
experienced,13044
mixed,13032
vampire,13030
optimistic,13027
dessert,13024
well-being,13022
northeast,13021
specialize,13006
fleet,13005
availability,13004
compliance,12998
pin,12991
pork,12986
astronomer,12976
like,12976
forbid,12965
installation,12961
boil,12959
nest,12951
exclusively,12948
goat,12944
shallow,12943
equip,12943
equivalent,12941
betray,12934
willingness,12933
banker,12931
interval,12928
gasoline,12925
encouraging,12925
rain,12924
exchange,12921
bucket,12920
theft,12907
laundry,12903
constraint,12902
dying,12893
hatred,12892
jewelry,12891
migration,12885
invention,12883
loving,12868
revenge,12868
unprecedented,12862
outline,12859
sheer,12854
halloween,12852
sweetheart,12849
spit,12849
lazy,12843
intimate,12841
defender,12834
technically,12830
battle,12822
cure,12811
peanut,12808
unclear,12805
piss,12791
workout,12786
wilderness,12785
compelling,12784
eleven,12779
arm,12779
backyard,12774
alike,12770
partially,12770
transport,12766
guardian,12766
passionate,12756
scripture,12756
midst,12746
ideological,12746
apart,12746
thrive,12742
sensitivity,12741
trigger,12735
emotionally,12733
ignorant,12730
explicitly,12728
unfold,12727
headache,12724
eternal,12724
chop,12715
ego,12711
spectacular,12709
deposit,12707
verdict,12702
regard,12699
accountability,12699
nominate,12699
civic,12697
uncover,12692
critique,12684
aisle,12675
tropical,12673
annually,12669
eighth,12667
blast,12661
corrupt,12648
compassion,12648
scratch,12637
verify,12629
offender,12622
inherit,12611
strive,12596
downtown,12591
chunk,12574
appreciation,12571
canvas,12570
punch,12563
short-term,12550
proceedings,12549
magical,12544
loyal,12539
aah,12535
desperately,12530
throne,12528
brutal,12526
spite,12519
propaganda,12518
irony,12516
soda,12515
projection,12504
dutch,12496
parental,12490
disabled,12489
collector,12480
re-election,12476
disappointment,12475
comic,12473
aid,12471
happily,12458
steep,12454
fancy,12450
counter,12446
listener,12445
whip,12443
public,12443
drawer,12435
heck,12434
developmental,12433
ideal,12428
ash,12427
socially,12426
courtroom,12425
stamp,12425
solo,12423
trainer,12418
induce,12416
anytime,12412
morality,12409
syrian,12405
pipeline,12400
bride,12400
instant,12399
spark,12395
doorway,12395
interface,12393
learner,12390
casino,12390
placement,12390
cord,12388
fan,12388
conception,12388
flexibility,12388
thou,12383
tax,12374
elegant,12371
flaw,12369
locker,12368
peel,12364
campaign,12363
twist,12352
spell,12350
objective,12348
plea,12345
goddamn,12338
import,12336
stack,12330
gosh,12320
philosophical,12320
junk,12319
bicycle,12317
vocal,12312
chew,12299
destiny,12299
ambitious,12298
unbelievable,12297
vice,12292
halfway,12286
jealous,12285
sphere,12268
invade,12265
sponsor,12261
excessive,12254
countless,12253
sunset,12247
interior,12243
accounting,12243
faithful,12238
freely,12225
extract,12222
adaptation,12219
ray,12217
depressed,12214
emperor,12213
wagon,12213
columnist,12211
jungle,12210
embarrassed,12208
trillion,12205
breeze,12205
blame,12192
foster,12185
venue,12178
discourage,12176
disturbing,12172
riot,12165
isolation,12165
explicit,12162
commodity,12158
attendance,12157
tab,12156
consequently,12152
dough,12151
novel,12151
streak,12142
silk,12138
similarity,12128
steak,12124
dancing,12121
petition,12115
viable,12111
breathing,12110
mm,12103
balloon,12102
monument,12094
try,12093
cue,12092
sleeve,12091
toll,12080
reluctant,12077
warrant,12077
stiff,12076
tattoo,12072
softly,12072
sudden,12072
graduation,12066
japanese,12064
deliberately,12064
consecutive,12059
upgrade,12053
associate,12053
accurately,12052
strictly,12034
leak,12029
casualty,12017
risky,12017
banana,12015
blank,12014
beneficial,12013
shrink,12008
chat,11999
rack,11999
rude,11999
usage,11995
testament,11993
browser,11987
processor,11981
thigh,11981
perceived,11974
yield,11970
talking,11958
merchant,11955
quantum,11949
eyebrow,11943
surrounding,11942
vocabulary,11941
ashamed,11937
eh,11934
radar,11932
stunning,11930
murderer,11928
burger,11920
collar,11916
align,11912
textbook,11905
sensation,11903
afterward,11893
charm,11889
sunny,11889
hammer,11886
keyboard,11885
persist,11880
wheat,11877
predator,11876
bizarre,11875